Risk,Profession,Age,DDL,Name,Email,Phone,Birthday
1,7,3,-1,Jacob,Jacob_Chapman213379364@tonsy.org,1-301-685-5874,1
1,6,6,-1,Percy,Percy_Newman2010595511@zorer.org,8-423-263-1121,1
1,5,2,-1,Mike,Mike_Butler1024096249@bretoux.com,2-668-350-2370,1
3,7,1,-1,Leroy,Leroy_Wood144863776@yahoo.com,6-327-427-1408,1
1,2,4,-1,Mike,Mike_Gardner564225137@zorer.org,7-614-021-6638,1
3,6,6,-1,Daron,Daron_Blackwall1572391912@extex.org,2-553-524-4847,1
2,3,6,-1,Tyler,Tyler_Reese1792481036@typill.biz,2-425-075-3544,1
1,7,2,-1,Gabriel,Gabriel_Samuel604158720@brety.org,5-247-127-7258,1
3,3,6,-1,Danny,Danny_Horton839880557@hourpy.biz,5-407-784-6063,1
3,5,4,-1,Chuck,Chuck_Blythe1998383075@deons.tech,1-310-366-6188,1
2,6,3,-1,Mason,Mason_Oakley390026747@infotech44.tech,6-764-717-5482,1
2,5,3,23,Harvey,Harvey_Khan541058613@gmail.com,6-102-260-5473,1
2,6,6,25,Gabriel,Gabriel_Wilson753433961@twipet.com,2-840-268-2611,1
2,2,4,1,Carter,Carter_Brock74647931@gmail.com,3-674-370-7037,1
1,4,1,8,Henry,Henry_Yang205609216@joiniaa.com,7-434-242-5078,1
2,2,3,-1,Barney,Barney_Mullins1490452206@brety.org,0-218-878-1185,1
3,2,1,-1,Joseph,Joseph_Walsh1066031384@vetan.org,5-001-080-8648,1
3,5,4,-1,David,David_Appleton2028802577@atink.com,4-532-163-5267,1
3,3,1,-1,Noah,Noah_Parker1087746900@famism.biz,1-878-151-5154,1
1,4,5,-1,Chad,Chad_Knight1778589002@sveldo.biz,8-352-617-7813,1
