Risk,Profession,Age,DDL,Treatment,Name,Email,Phone,Birthday
1,5,6,-1,1,Walter,Laila_Walter5854@corti.com,2-076-125-3580,2/23/9837
2,0,5,-1,1,Dowson,Ellen_Dowson2604@corti.com,7-146-878-5021,9/10/8785
0,3,2,-1,1,Benfield,Melody_Benfield2687@liret.org,5-025-323-2738,2/13/0016
0,3,6,-1,0,Leslie,Dorothy_Leslie7811@womeona.net,5-416-586-3820,3/18/9283
3,7,0,-1,0,Clarke,Nick_Clarke4438@twace.org,8-523-341-3268,9/27/8672
2,3,0,-1,0,Kerr,Meredith_Kerr1191@nimogy.biz,1-280-102-1006,5/30/0357
0,5,4,-1,0,Lindop,Florence_Lindop5258@nanoff.biz,2-117-382-3451,8/24/1095
2,6,5,-1,0,London,Oliver_London1714@liret.org,4-541-722-7667,9/7/0234
3,2,3,-1,0,Tennant,Daniel_Tennant9026@bulaffy.com,4-425-531-6873,11/3/7520
1,2,2,-1,0,Walsh,Javier_Walsh2784@sveldo.biz,8-526-008-4655,11/13/3510
2,1,0,-1,0,Wren,Andie_Wren8536@nickia.com,6-277-505-3125,2/9/0227
3,6,0,-1,2,Summers,Alan_Summers2771@gompie.com,1-821-120-8650,10/17/7408
3,1,0,-1,2,Terry,Elijah_Terry2687@gembat.biz,4-012-011-4026,10/1/5699
0,5,2,-1,2,Jackson,Liam_Jackson7132@sheye.org,7-362-054-8605,2/13/0209
2,4,4,-1,2,Wood,Domenic_Wood7954@irrepsy.com,8-144-877-6333,4/1/6302
3,6,5,-1,2,Adams,Wade_Adams8644@supunk.biz,6-686-163-4523,5/5/9281
0,6,4,-1,2,Redden,Ciara_Redden1828@nimogy.biz,2-115-584-6216,8/13/1564
0,7,0,-1,2,Parsons,Jack_Parsons4533@hourpy.biz,6-860-518-3424,6/8/9546
2,5,4,-1,2,Little,Vicky_Little9763@infotech44.tech,3-064-202-7627,10/8/6102
0,2,4,-1,2,Stewart,Diane_Stewart9753@jiman.org,0-337-755-7866,1/30/6012