Risk,Profession,Age,DDL,Name,Email,Phone,Birthday
0,6,1,-1,Lloyd,Rick_Lloyd7905@bauros.biz,7-400-527-7344,12/6/9604
1,0,5,-1,Shaw,Tess_Shaw5813@muall.tech,4-868-545-6556,1/26/5132
1,5,2,-1,Coleman,Rhea_Coleman5464@nanoff.biz,6-834-781-1735,4/10/7582
3,6,2,-1,Hale,Martin_Hale3139@supunk.biz,6-258-374-3351,3/6/6664
1,5,4,-1,Knight,Destiny_Knight64@jiman.org,3-482-618-0587,8/5/5113
3,1,2,-1,Irwin,Ruth_Irwin6770@brety.org,8-485-068-1234,11/17/8571
2,1,0,-1,Flett,Domenic_Flett4617@nanoff.biz,7-462-104-7713,10/5/2152
0,5,1,-1,Bingham,Daniel_Bingham1956@vetan.org,5-215-443-4077,2/1/4486
3,5,0,-1,Jones,Christine_Jones9791@elnee.tech,1-105-143-8315,6/29/9320
3,7,0,-1,Gaynor,Harry_Gaynor8565@irrepsy.com,6-001-746-2274,11/18/2963
1,6,0,-1,Windsor,William_Windsor2901@extex.org,2-688-258-4358,12/26/1610
1,3,4,-1,Stone ,Makenzie_Stone 8292@extex.org,5-405-484-6607,4/14/1694
3,7,6,-1,Douglas,Javier_Douglas1677@famism.biz,7-245-315-2783,11/4/7352
0,1,3,-1,Gaynor,Josh_Gaynor2461@muall.tech,4-023-080-3387,11/23/2683
1,4,1,-1,Hunt,Sharon_Hunt1674@cispeto.com,8-576-675-8870,2/21/3520
3,0,2,-1,Osmond,Raquel_Osmond9330@tonsy.org,7-777-542-2773,8/27/5512
1,7,1,-1,Samuel,Aleksandra_Samuel6658@nanoff.biz,4-282-750-1557,7/11/8586
2,6,3,-1,Reyes,Benny_Reyes8125@supunk.biz,3-704-433-7163,2/10/2821
3,1,6,-1,Roman,Erick_Roman5088@nimogy.biz,5-708-442-8448,10/28/9999
0,7,4,-1,Cox,Marie_Cox8119@corti.com,3-236-527-5337,9/28/6438