Risk,Profession,Age,DDL,Name,Email,Phone,Birthday
3,1,3,-1,Matthews,Cadence_Matthews2928@bungar.biz,7-257-500-7605,8/29/8927
1,1,6,-1,Umney,Marvin_Umney6203@bungar.biz,3-060-568-2276,6/25/4487
1,3,1,-1,Strong,Cedrick_Strong7833@guentu.biz,6-483-610-6554,10/1/5117
0,2,4,-1,Newton,Louise_Newton4097@hourpy.biz,2-354-828-4272,8/13/0786
3,0,5,-1,Utterson,Domenic_Utterson2253@elnee.tech,1-125-225-7111,11/25/3141
2,7,1,-1,Davies,Gwenyth_Davies2848@grannar.com,6-562-147-8113,7/30/7402
0,4,6,-1,Lynn,Daria_Lynn4639@twipet.com,2-310-166-8868,12/3/5951
1,1,0,-1,Saunders,Sabrina_Saunders4698@twipet.com,6-012-161-4140,4/7/7826
2,2,5,-1,Gaynor,Carol_Gaynor6228@guentu.biz,7-321-101-1883,2/2/0964
2,3,2,-1,Stone ,Denis_Stone 2326@gompie.com,4-677-127-0423,6/11/8361
1,6,6,-1,Redden,Danielle_Redden8325@dionrab.com,5-550-254-0166,8/25/4155
0,2,4,-1,Nicolas,Eduardo_Nicolas8421@nimogy.biz,0-354-871-7761,4/28/5809
3,2,4,-1,Smith,Tom_Smith8241@fuliss.net,7-220-050-5680,9/3/9035
2,7,3,-1,Morris,Jack_Morris9893@gmail.com,4-646-214-0456,3/16/7355
3,4,5,-1,Harris,Liam_Harris8428@naiker.biz,2-312-337-3285,4/5/2340
1,7,2,-1,Wright,Bryon_Wright7930@corti.com,0-265-525-6864,8/20/8769
3,2,3,-1,Gordon,Tiffany_Gordon2121@cispeto.com,0-137-444-8552,6/21/1812
1,7,2,-1,Fowler,Michael_Fowler5636@atink.com,1-158-718-3014,10/13/4086
0,4,2,-1,Mackenzie,Cassidy_Mackenzie5310@gompie.com,5-435-276-4515,9/27/2909
2,6,1,-1,Adler,Sarah_Adler1250@joiniaa.com,6-722-211-6602,1/20/3453