Risk,Profession,Age,DDL,Name,Email,Phone,Birthday
0,5,4,-1,Kidd,Harvey_Kidd8277@irrepsy.com,4-864-202-0170,4/27/3600
3,4,1,-1,Khan,Denis_Khan1506@nickia.com,1-535-353-4741,12/29/7546
1,1,0,-1,Vaughan,Sarah_Vaughan751@fuliss.net,3-461-578-5603,12/29/5993
1,4,3,-1,Hunt,Clint_Hunt440@deavo.com,4-653-681-6532,11/20/9338
2,4,6,-1,Graham,Evie_Graham8617@brety.org,5-478-781-7406,9/3/9424
3,5,0,-1,Richards,Evelynn_Richards7591@tonsy.org,6-452-480-8776,5/26/2552
1,3,3,-1,Morris,Jade_Morris7404@yahoo.com,6-120-463-8652,3/3/2990
0,5,0,-1,Baxter,Tiffany_Baxter6604@vetan.org,6-378-186-6754,9/13/3516
2,6,3,-1,Morgan,Anabelle_Morgan3639@gmail.com,0-877-732-0463,3/7/1373
3,4,3,-1,Judd,Chuck_Judd8718@dionrab.com,2-888-015-0848,5/20/2001
1,3,5,-1,Fisher,Denny_Fisher2820@twace.org,0-653-158-0064,10/6/8920
0,2,1,-1,John,Benny_John6846@yahoo.com,5-038-184-7668,10/27/3759
2,6,0,-1,Murray,Ronald_Murray9826@dionrab.com,3-482-185-4056,6/6/0624
1,5,1,-1,Mcgregor,Martin_Mcgregor8421@bauros.biz,3-775-426-5024,7/1/6969
0,3,2,-1,Flanders,Liam_Flanders1376@kideod.biz,7-806-726-7518,9/30/4208
3,0,6,-1,Williams,Mackenzie_Williams2724@atink.com,0-458-272-4537,9/5/5613
2,5,0,-1,Rainford,Maia_Rainford6692@twace.org,3-503-828-5585,12/5/2990
3,4,5,-1,Harrison,Peter_Harrison4842@guentu.biz,2-127-150-6745,9/29/6707
1,1,6,-1,White,Diane_White915@guentu.biz,2-365-408-7111,2/23/7199
3,7,3,-1,King,Alex_King9860@sveldo.biz,8-310-414-6034,6/28/8177