Risk,Profession,Age,DDL,Name,Email,Phone,Birthday
2,4,6,-1,Brennan,Estrella_Brennan1019@iatim.tech,8-751-486-5278,8/24/1977
1,4,0,-1,Richardson,Chadwick_Richardson8291@extex.org,7-401-411-5707,8/28/7235
0,5,6,-1,Ballard,Russel_Ballard735@deons.tech,1-016-055-4852,12/25/9654
2,2,2,-1,Wallace,Sofia_Wallace5264@tonsy.org,1-233-320-3388,10/28/4359
1,2,5,-1,Doherty,Lucas_Doherty8030@corti.com,4-785-023-3485,8/18/7444
2,7,3,-1,Bryant,Adelaide_Bryant1279@tonsy.org,5-224-872-6488,2/26/5307
2,4,6,-1,Potts,Hayden_Potts9084@ubusive.com,0-118-778-7668,1/5/7726
2,7,1,-1,Farrant,Miriam_Farrant2762@fuliss.net,4-338-603-7383,4/7/8476
3,0,5,-1,Rogers,Naomi_Rogers1378@brety.org,1-148-550-4713,5/2/4354
1,1,2,-1,John,Harry_John1311@twipet.com,0-531-753-8267,7/23/5689
3,7,0,-1,Umney,Jack_Umney2882@famism.biz,0-124-102-4018,4/6/0131
3,3,1,-1,Mcguire,Nick_Mcguire495@zorer.org,8-515-563-5220,10/8/6624
1,2,3,-1,Bryant,Alexia_Bryant5528@zorer.org,2-753-258-5044,4/9/5483
3,2,4,-1,Dobson,Ronald_Dobson9253@hourpy.biz,6-826-852-6022,10/27/7967
1,3,3,-1,Poole,Analise_Poole2351@bauros.biz,3-162-458-2766,2/4/3059
0,6,3,-1,Thornton,Chester_Thornton1714@typill.biz,0-854-303-4643,12/27/7970
1,0,6,-1,Ebden,Wendy_Ebden4021@famism.biz,6-065-653-2872,8/10/4740
1,1,3,-1,Hood,Manuel_Hood5964@sveldo.biz,4-022-175-0556,12/16/3863
0,1,5,-1,Rigg,Drew_Rigg4589@bungar.biz,2-180-351-8451,6/15/7408
1,1,6,-1,Flynn,Lillian_Flynn4117@muall.tech,4-356-052-6438,3/6/0749