Risk,Profession,Age,DDL,Name,Email,Phone,Birthday
1,6,6,-1,Rossi,Wendy_Rossi8606@yahoo.com,1-565-802-7634,3/16/0240
1,3,1,-1,Lyon,Jolene_Lyon4183@sheye.org,5-807-450-4455,6/16/4661
0,0,2,-1,Leslie,Ryan_Leslie9953@extex.org,8-041-788-1188,4/24/0195
1,0,3,-1,Gunn,Lucas_Gunn626@grannar.com,5-570-586-0808,8/11/4536
2,3,2,-1,Riley,Enoch_Riley5407@nimogy.biz,6-210-052-4885,5/22/1462
0,7,0,-1,Giles,Eduardo_Giles9746@kideod.biz,2-752-017-7112,9/26/3534
3,2,3,-1,Swan,George_Swan5391@hourpy.biz,7-067-551-7256,12/18/2370
0,5,0,-1,Roman,Maia_Roman3197@elnee.tech,8-711-471-6274,5/21/9958
3,3,0,-1,Lindsay,Danny_Lindsay3225@zorer.org,8-605-452-5727,5/22/8301
2,7,6,-1,Ripley,Leanne_Ripley3062@tonsy.org,4-480-113-2421,4/3/7553
2,6,1,-1,Carter,Karla_Carter777@zorer.org,1-560-713-4370,9/4/0243
3,4,2,-1,Hunt,Maribel_Hunt7097@ovock.tech,6-145-200-1318,8/15/5354
3,5,2,-1,Knight,Camden_Knight1194@elnee.tech,3-434-080-5863,9/3/5907
3,7,4,-1,Ianson,Candice_Ianson2531@mafthy.com,0-020-174-4002,1/15/7105
0,2,4,-1,Underhill,Irene_Underhill6592@dionrab.com,4-015-551-4264,6/29/0291
1,6,3,-1,Hopkins,Caleb_Hopkins6031@eirey.tech,6-037-256-1325,7/30/1666
3,6,3,-1,Rodgers,Rita_Rodgers9612@tonsy.org,0-430-304-8487,5/21/5329
0,2,4,-1,Jackson,Ethan_Jackson4855@elnee.tech,8-057-051-5017,8/10/7874
2,4,5,-1,Chadwick,Lucas_Chadwick1669@cispeto.com,5-686-357-7081,3/9/3116
2,1,3,-1,Pearson,Domenic_Pearson5221@supunk.biz,4-456-463-4811,4/22/3576