Risk,Profession,Age,DDL,Name,Email,Phone,Birthday
0,4,3,-1,Nicolas,Monica_Nicolas2360@brety.org,6-462-225-5362,1/6/5348
2,2,5,-1,Larsen,Mina_Larsen6954@liret.org,1-424-737-5736,5/29/4806
2,7,2,-1,Cox,Sienna_Cox8384@bretoux.com,2-747-474-2741,10/16/7952
3,5,5,-1,Nicolas,Danny_Nicolas7158@acrit.org,7-472-087-3581,10/28/0393
3,3,4,-1,Stevens,Angel_Stevens1966@joiniaa.com,1-285-062-5110,12/28/0287
2,6,1,-1,Taylor,Cynthia_Taylor1340@sheye.org,6-626-012-1231,9/14/7956
2,3,6,-1,Hardwick,Julia_Hardwick395@vetan.org,1-682-403-4118,8/30/3558
3,7,5,-1,Hewitt,Alice_Hewitt355@ubusive.com,4-244-636-6664,12/25/4053
0,5,4,-1,Henderson,Bethany_Henderson5255@sveldo.biz,8-881-244-6556,3/24/2325
1,1,4,-1,Cooper,Leah_Cooper6472@deavo.com,2-443-728-5635,10/19/7685
0,6,5,-1,Villiger,Nathan_Villiger6189@nanoff.biz,8-721-270-7328,5/24/8017
2,0,3,-1,Cann,Tom_Cann3775@bulaffy.com,7-441-382-7723,1/3/9301
0,6,2,-1,Burnley,Tiffany_Burnley1162@infotech44.tech,8-402-837-0432,7/4/7452
3,0,6,-1,Benfield,Tom_Benfield2613@brety.org,6-504-422-1351,8/31/9276
1,3,3,-1,Radley,Benjamin_Radley6358@jiman.org,3-015-632-0125,5/3/3128
0,1,2,-1,Kidd,Chris_Kidd4220@bungar.biz,0-322-441-0861,1/17/4719
1,0,5,-1,Todd,Ron_Todd2242@famism.biz,8-153-284-7525,2/17/2605
0,3,2,-1,Pope,Matt_Pope2117@grannar.com,5-336-674-3123,1/25/3371
1,1,5,-1,Foxley,Alan_Foxley9437@supunk.biz,5-048-267-8806,11/23/9098
3,2,0,-1,Garner,Hank_Garner6937@gmail.com,5-310-135-3381,7/6/6497