Risk,Profession,Age,DDL,Name,Email,Phone,Birthday
1,4,4,-1,Herbert,Maribel_Herbert5578@ubusive.com,1-514-430-5016,3/22/3505
0,6,4,-1,Forester,Emely_Forester6562@nimogy.biz,7-014-356-6447,7/11/0159
3,5,6,-1,Oliver,Ethan_Oliver3202@nickia.com,4-762-875-6036,8/25/4610
1,0,5,-1,Bowen,Ronald_Bowen1737@famism.biz,5-860-488-5648,11/19/5330
3,1,0,-1,Gordon,Samara_Gordon3912@supunk.biz,3-425-278-4665,10/9/0126
1,0,4,-1,Fleming,Joseph_Fleming4780@dionrab.com,3-145-885-7536,5/31/0013
2,3,6,-1,Fox,Carla_Fox5290@cispeto.com,0-863-056-5011,10/13/1412
0,6,2,-1,Wallace,Marvin_Wallace4140@deons.tech,6-712-812-6584,10/15/0607
2,0,6,-1,Rainford,Abbey_Rainford4815@liret.org,7-118-266-7465,1/30/2511
3,3,3,-1,Fowler,Shannon_Fowler5430@sheye.org,0-415-188-5383,11/1/7497
0,5,3,-1,Kelly,Emely_Kelly4385@fuliss.net,3-056-604-3548,12/23/7616
2,0,6,-1,Mcnally,Ramon_Mcnally8513@vetan.org,8-510-801-4012,6/7/1379
1,0,1,-1,Ranks,Joseph_Ranks3904@deons.tech,0-875-577-3286,5/2/1263
1,2,5,-1,Booth,Amelia_Booth2453@kideod.biz,1-501-721-1110,2/16/9903
1,7,6,-1,Walsh,Sydney_Walsh4409@twace.org,5-520-002-4623,8/14/9814
3,4,6,-1,Parr,Lillian_Parr3029@deavo.com,3-488-578-3184,3/28/2413
3,4,1,-1,Durrant,Doug_Durrant3835@iatim.tech,3-858-768-1245,3/28/4837
1,7,5,-1,Eagle,Nicholas_Eagle8941@gompie.com,3-775-134-4135,4/3/6333
0,2,6,-1,Gosling,Ron_Gosling121@womeona.net,6-442-143-0005,12/21/9504
0,0,2,-1,Maxwell,Alan_Maxwell5405@kideod.biz,2-378-338-6728,9/20/6845