Risk,Profession,Age,DDL,Name,Email,Phone,Birthday
1,4,0,-1,Tony,Tony_Gordon5559@famism.biz,4-302-225-0304,11/20/5173
1,5,0,-1,Rae,Rae_Torres8422@bulaffy.com,7-140-831-5450,5/4/1008
1,0,4,-1,Bob,Bob_Whinter6058@iatim.tech,4-144-714-2513,12/22/0848
3,7,0,-1,Benjamin,Benjamin_Widdows8262@jiman.org,4-184-523-0575,12/22/7924
0,5,3,-1,Samara,Samara_Gilmour327@extex.org,8-555-610-5310,4/14/6571
3,2,3,-1,Marina,Marina_Wright791@tonsy.org,0-628-374-3184,6/29/0742
3,7,2,-1,Phillip,Phillip_Lynch1190@gembat.biz,0-213-500-6444,10/26/9977
2,5,3,-1,Chadwick,Chadwick_West6177@extex.org,0-008-724-8507,10/4/1882
3,6,4,-1,Zara,Zara_Phillips5520@brety.org,7-808-577-5513,5/28/5442
3,4,2,-1,Noemi,Noemi_Powell7788@vetan.org,8-434-836-6431,3/17/9032
1,1,3,-1,Georgia,Georgia_Gilbert390@bauros.biz,8-326-873-7140,9/16/1381
1,5,0,-1,Tom,Tom_Wilkinson9687@joiniaa.com,2-540-328-6454,9/9/5924
3,3,5,-1,Vera,Vera_Crawford1935@bungar.biz,5-300-137-0374,7/9/2936
2,2,4,-1,Bryce,Bryce_Collins9745@joiniaa.com,7-265-118-0454,11/29/0420
3,4,1,-1,Maribel,Maribel_Ogilvy4746@nickia.com,0-711-421-5351,7/22/8787
3,3,5,-1,Alex,Alex_Curtis6747@iatim.tech,6-512-757-3704,5/22/3782
1,6,4,-1,Mike,Mike_Mooney3617@womeona.net,6-841-577-6154,9/10/8670
3,5,0,-1,Danny,Danny_Poole1905@eirey.tech,7-520-607-0255,1/17/8303
0,6,1,-1,Ethan,Ethan_Weldon1357@gompie.com,8-760-567-2713,7/15/0159
2,3,4,-1,John,John_Benson6801@tonsy.org,8-047-160-1460,1/22/8698