Risk,Profession,Age,DDL,Name,Email,Phone,Birthday
1,6,5,-1,Miller,Olivia_Miller866@bauros.biz,3-120-386-2045,7/26/6761
0,7,5,-1,Larsen,Mya_Larsen6244@guentu.biz,5-044-501-2167,11/26/4268
1,1,0,-1,Wilson,Claire_Wilson4845@famism.biz,3-622-834-6534,6/26/3276
1,2,3,-1,Murphy,Doug_Murphy1990@famism.biz,7-620-645-1441,6/30/8659
0,1,6,-1,Varley,Beatrice_Varley7137@eirey.tech,3-068-875-4413,7/7/1755
3,2,5,-1,Rodgers,Denis_Rodgers1386@womeona.net,8-742-054-0005,4/5/6544
3,5,2,-1,Whitehouse,Lexi_Whitehouse5690@nickia.com,1-772-871-5818,3/9/1146
3,2,1,-1,Cartwright,Freya_Cartwright1636@yahoo.com,1-083-440-6271,7/25/2661
3,0,5,-1,Thorne,Henry_Thorne3873@mafthy.com,2-471-036-7661,3/6/8642
0,2,6,-1,Yard,Roger_Yard145@gompie.com,1-028-542-0630,7/12/9624
0,2,4,-1,Richardson,Quinn_Richardson2976@ovock.tech,7-354-173-2420,12/18/0654
1,0,1,-1,Samuel,Javier_Samuel8004@eirey.tech,6-047-484-8630,5/1/2614
3,6,3,-1,Ring,Diane_Ring6920@nanoff.biz,1-358-071-6436,2/5/1728
3,1,2,-1,Booth,Bethany_Booth3895@vetan.org,1-240-643-1325,9/21/1192
0,2,5,-1,Webster,Carol_Webster4451@ubusive.com,0-846-182-2887,6/26/7833
3,5,5,-1,Quinnell,Benjamin_Quinnell2082@jiman.org,3-444-184-4718,10/20/7885
3,2,0,-1,Bingham,Kieth_Bingham6001@twace.org,2-643-732-3623,2/6/7336
1,1,6,-1,Mcnally,Wade_Mcnally271@gembat.biz,6-306-474-3731,9/15/5130
3,4,0,-1,Warner,Hank_Warner9654@nanoff.biz,1-084-048-0525,8/3/4434
2,7,6,-1,Evans,Ryan_Evans6772@bretoux.com,5-315-127-5484,2/12/4138