Risk,Profession,Age,DDL,Name,Email,Phone,Birthday
2,6,3,-1,Sebastian,Sebastian_Robe3821@bulaffy.com,8-847-786-1572,4/13/6621
3,7,6,-1,Hayden,Hayden_Eyres1385@nickia.com,0-653-872-1535,6/4/3204
1,2,1,-1,Sydney,Sydney_Hopkinson9513@grannar.com,1-402-070-0776,8/19/0661
2,0,0,-1,Isabel,Isabel_Evans7211@liret.org,4-505-618-5701,9/15/4792
1,4,3,-1,Enoch,Enoch_Rothwell9675@deons.tech,0-336-371-6676,5/16/4973
3,1,1,-1,Celina,Celina_Powell9250@grannar.com,8-277-824-2584,4/14/2936
3,3,4,-1,Peyton,Peyton_Evans8979@zorer.org,2-745-068-3476,9/26/1217
1,4,5,-1,Emma,Emma_Benson9153@brety.org,8-226-882-3384,1/16/0663
0,0,5,-1,Julianna,Julianna_Terry8533@nimogy.biz,5-266-688-2866,1/22/7059
2,3,5,-1,Emerald,Emerald_Rehman6556@womeona.net,2-877-102-7440,6/13/7592
3,1,1,-1,Makenzie,Makenzie_Allen3705@zorer.org,6-120-368-7513,3/4/7822
1,7,1,-1,David,David_Wright3622@infotech44.tech,7-214-554-7500,4/23/0182
2,1,1,-1,Maxwell,Maxwell_Ingram3018@qater.org,1-250-236-0722,10/11/0613
2,4,1,-1,Gina,Gina_Hewitt1017@eirey.tech,4-438-426-8033,3/9/3373
1,0,1,-1,Eduardo,Eduardo_Jenkin2649@gembat.biz,8-135-517-0134,10/7/8332
2,2,0,-1,Aleksandra,Aleksandra_Cartwright169@twipet.com,0-870-762-1118,11/12/2684
2,2,1,-1,Rocco,Rocco_Sylvester1961@joiniaa.com,3-575-202-0114,9/3/6528
0,2,4,-1,Daniel,Daniel_Devonport6932@gmail.com,0-255-634-3736,6/8/2600
3,7,0,-1,Fred,Fred_Appleton4363@hourpy.biz,1-554-034-0845,5/17/0702
2,0,6,-1,Bart,Bart_Strong7158@bretoux.com,4-480-285-3774,9/21/1150