Risk,Profession,Age,DDL,Name,Email,Phone,Birthday
3,5,0,-1,Anabelle,Anabelle_Corbett5567@twace.org,7-146-411-4815,7/2/5601
2,1,0,-1,Logan,Logan_Stubbs7512@bauros.biz,8-630-861-3048,5/30/0872
3,6,3,-1,Chuck,Chuck_Simpson5324@sheye.org,5-633-054-8377,7/26/8509
3,2,3,-1,Valentina,Valentina_Russell8010@atink.com,2-716-426-3154,2/22/2215
3,0,4,-1,Benny,Benny_Niles3551@brety.org,1-146-016-4820,12/6/2089
0,4,4,-1,Teagan,Teagan_Martin8778@gembat.biz,0-030-305-1434,9/15/3124
3,7,2,-1,Ron,Ron_Cox619@nanoff.biz,5-560-311-7225,8/20/0339
2,7,4,-1,Barry,Barry_Lewis2225@infotech44.tech,1-625-064-8824,12/20/7441
1,5,6,-1,Faith,Faith_Vinton2371@eirey.tech,7-447-308-4367,1/1/6856
2,5,0,-1,Valerie,Valerie_Mcleod5764@twace.org,0-264-054-8407,10/28/5900
1,7,2,-1,Phillip,Phillip_Armstrong4862@typill.biz,8-386-160-3736,5/1/0350
0,7,1,-1,Harry,Harry_Logan3237@extex.org,0-112-004-8784,5/21/6821
3,4,4,-1,Aleksandra,Aleksandra_Purvis5825@hourpy.biz,4-526-851-6085,6/26/0065
3,6,1,-1,Carter,Carter_Harris673@elnee.tech,1-470-440-4536,7/23/5171
2,6,4,-1,Leah,Leah_Kennedy1538@tonsy.org,2-781-318-7474,4/26/4302
3,1,2,-1,Ally,Ally_Yates547@nanoff.biz,7-861-122-4367,4/30/6093
1,7,0,-1,Crystal,Crystal_West3969@gompie.com,4-880-281-4772,12/13/3858
2,0,0,-1,Nate,Nate_Trent1817@yahoo.com,0-871-618-2515,10/28/2056
2,2,5,-1,Madelyn,Madelyn_Alexander9116@nickia.com,2-730-421-7678,7/29/3322
3,7,5,-1,Barney,Barney_Stuart9021@twipet.com,8-650-744-2018,12/14/9517