Risk,Profession,Age,DDL,Name,Email,Phone,Birthday
1,2,4,-1,Shea,Russel_Shea277@ovock.tech,4-216-602-8542,10/16/5390
0,7,6,-1,Connell,Ethan_Connell9879@mafthy.com,8-037-654-2545,8/30/1290
2,7,4,-1,Rodgers,John_Rodgers3084@elnee.tech,1-640-474-2257,11/1/5640
0,7,6,-1,Pope,Tyler_Pope1116@extex.org,1-544-455-5786,4/6/9446
0,2,5,-1,Phillips,Daphne_Phillips5279@jiman.org,6-630-241-0547,7/25/8556
3,1,5,-1,Turner,Alessandra_Turner8139@womeona.net,1-278-285-0127,3/14/7672
2,5,1,-1,Weston,Tom_Weston4322@dionrab.com,4-010-365-4878,12/19/0508
3,6,5,-1,Ralph,Gabriel_Ralph4185@cispeto.com,8-408-817-1763,1/1/1487
2,2,5,-1,Buckley,Brad_Buckley5934@womeona.net,7-567-138-4651,8/24/9366
3,5,1,-1,Allwood,Ron_Allwood9018@bretoux.com,1-247-188-5750,8/10/4116
3,7,3,-1,Gray,Johnathan_Gray8660@bungar.biz,7-147-056-1636,2/13/9434
2,4,0,-1,Shaw,Gil_Shaw2403@bungar.biz,6-718-168-4340,8/14/0351
3,7,5,-1,Anderson,Andie_Anderson5487@brety.org,4-647-572-6850,6/4/2384
2,1,3,-1,Watson,Joyce_Watson2837@irrepsy.com,8-716-215-6243,4/19/4664
0,2,0,-1,Truscott,Melody_Truscott8651@deons.tech,8-740-416-2407,10/9/8322
3,2,6,-1,Goodman,Kassandra_Goodman7088@joiniaa.com,3-817-132-5807,5/29/5336
3,0,0,-1,Nayler,Julia_Nayler8504@mafthy.com,7-487-386-3016,8/13/5258
2,2,6,-1,Clark,Emmanuelle_Clark9908@kideod.biz,0-812-441-3158,2/14/7182
1,3,3,-1,Waterhouse,Adelaide_Waterhouse233@qater.org,0-838-017-8446,8/18/4319
3,2,2,-1,Wilson,Melody_Wilson4997@twipet.com,0-723-435-3832,12/23/5391