Risk,Profession,Age,DDL,Name,Email,Phone,Birthday
2,7,2,-1,Hank,Hank_Larsen393@typill.biz,3-028-345-3251,10/15/6048
1,4,0,-1,William,William_Gibson5691@corti.com,4-266-418-0282,1/12/5374
0,6,2,-1,Luke,Luke_Wade1754@twipet.com,0-815-026-0464,9/23/1525
2,0,2,-1,Colleen,Colleen_Nanton3806@nickia.com,0-062-080-4135,2/6/5509
0,2,6,-1,Summer,Summer_Ashley2423@gembat.biz,8-282-652-7544,6/18/9482
2,7,0,-1,Anais,Anais_Richardson1373@gmail.com,0-236-212-6743,12/4/8191
0,6,6,-1,Enoch,Enoch_Glass5455@nickia.com,2-353-378-5052,7/12/4743
0,6,0,-1,Cecilia,Cecilia_Lynch6058@ovock.tech,1-425-365-0664,7/14/8928
2,6,5,-1,Clint,Clint_Denton2474@mafthy.com,2-428-845-1752,9/12/7897
3,1,5,-1,Bart,Bart_Scott9036@bretoux.com,4-042-313-7252,8/25/8171
0,2,0,-1,Madelyn,Madelyn_Radley4071@eirey.tech,4-232-464-5583,6/24/9150
0,4,3,-1,Matt,Matt_Richards169@ubusive.com,1-536-486-8616,4/19/1482
0,5,1,-1,Brad,Brad_Barrett1451@bulaffy.com,6-460-042-1200,3/4/9631
0,3,1,-1,Peter,Peter_Leigh7862@dionrab.com,2-872-250-0440,9/23/0170
3,5,6,-1,Estrella,Estrella_Adams2484@jiman.org,5-517-723-1657,5/3/1631
0,7,3,-1,Ema,Ema_Gregory3952@mafthy.com,5-077-500-0546,6/10/6691
0,6,2,-1,Josh,Josh_Vane5318@dionrab.com,6-160-633-4151,5/13/8039
2,6,3,-1,Marilyn,Marilyn_Booth3091@bauros.biz,6-378-776-7470,2/8/4837
0,1,3,-1,Valentina,Valentina_Carter7179@kideod.biz,3-581-138-4782,8/13/3796
3,2,1,-1,Joy,Joy_Dann3052@iatim.tech,4-288-646-2535,2/20/1521