Risk,Profession,Age,DDL,Name,Email,Phone,Birthday
2,1,4,-1,Malone,Barney_Malone418@corti.com,4-871-100-0063,9/11/7598
2,1,3,-1,Shaw,Domenic_Shaw5779@kideod.biz,0-725-686-6144,3/1/4642
1,1,0,-1,Samuel,Barney_Samuel2385@bauros.biz,6-812-456-0330,3/29/3301
0,6,4,-1,Owen,Alison_Owen4671@gompie.com,6-615-245-8548,6/8/8215
3,3,0,-1,Verdon,Lucy_Verdon364@hourpy.biz,8-880-472-5454,1/13/7598
3,1,5,-1,Gordon,Allison_Gordon4625@nimogy.biz,5-040-854-5625,1/12/3553
1,2,2,-1,Sloan,Molly_Sloan135@sheye.org,5-208-372-4424,9/28/3866
0,7,0,-1,Mcleod,Tyson_Mcleod3133@tonsy.org,6-081-137-1074,4/11/6777
3,1,6,-1,Rodwell,Bernadette_Rodwell4597@twace.org,6-488-373-1882,2/23/3199
1,2,2,-1,Notman,Kieth_Notman3641@corti.com,5-022-500-5574,10/18/6341
1,1,5,-1,Chappell,Greta_Chappell67@naiker.biz,7-767-683-6142,4/30/2656
3,5,5,-1,Knight,Hanna_Knight6349@cispeto.com,3-004-260-6033,12/3/7662
1,6,3,-1,Bristow,Benny_Bristow6930@acrit.org,5-766-170-1124,9/21/7415
1,4,1,-1,Collingwood,Kirsten_Collingwood4961@muall.tech,7-168-157-7367,7/21/4040
1,1,4,-1,Collingwood,Leilani_Collingwood6604@joiniaa.com,3-150-355-6308,4/25/0732
1,4,2,-1,Kirby,Ronald_Kirby3374@fuliss.net,0-864-238-6424,5/20/0310
0,1,0,-1,Hill,Luke_Hill716@tonsy.org,2-061-632-3750,3/31/4523
0,1,4,-1,Parker,Candice_Parker4830@muall.tech,1-518-835-6752,9/10/1637
3,1,1,-1,Selby,Ramon_Selby38@extex.org,6-061-725-3508,7/4/0624
0,2,3,-1,Norris,Jayden_Norris3588@joiniaa.com,1-474-608-1512,1/1/9421