Risk,Profession,Age,DDL,Name,Email,Phone,Birthday
3,4,4,-1,Fred,Fred_Thomas6967@deavo.com,4-176-108-3235,3/25/9727
1,7,5,-1,Elly,Elly_Rosenbloom5195@bretoux.com,5-168-388-5423,7/16/5703
1,1,5,-1,Priscilla,Priscilla_Knight6568@bungar.biz,6-206-147-8550,7/8/9735
1,7,3,-1,Christy,Christy_Reynolds6900@acrit.org,7-175-603-8472,10/19/1093
1,3,6,-1,Violet,Violet_Larsen1599@corti.com,2-300-243-4568,9/8/9840
0,0,3,-1,Julius,Julius_Jones6121@twipet.com,4-371-254-5022,2/22/3396
1,6,3,-1,Alexia,Alexia_Gordon3484@deons.tech,2-376-647-3764,3/19/8800
1,2,6,-1,Ramon,Ramon_Vollans6279@bulaffy.com,3-317-350-8068,7/2/9627
1,7,3,-1,Eve,Eve_Ingram3396@eirey.tech,5-467-480-3683,10/1/3331
2,4,5,-1,Jayden,Jayden_Norman2420@grannar.com,4-480-230-5082,5/21/8155
2,4,1,-1,Tara,Tara_Sinclair525@gompie.com,8-242-838-4212,10/7/0027
3,6,1,-1,Isla,Isla_Boden4078@gmail.com,0-636-841-8431,6/9/9990
3,6,3,-1,Thea,Thea_Ripley618@gompie.com,4-885-247-6811,9/20/2229
0,2,3,-1,Josh,Josh_Rodgers4167@fuliss.net,1-458-673-5671,9/2/9971
1,3,0,-1,Benjamin,Benjamin_Avery7843@nickia.com,2-656-836-4483,9/29/7267
3,4,3,-1,Bart,Bart_Ingham3400@gmail.com,5-523-863-7685,4/18/0202
0,5,3,-1,Brad,Brad_Bennett9632@kideod.biz,4-880-765-7321,9/15/3190
2,4,6,-1,Domenic,Domenic_Lunt9457@dionrab.com,8-183-071-4577,2/8/9973
1,6,4,-1,Keira,Keira_Russel1895@zorer.org,1-586-080-5070,5/13/6343
0,4,4,-1,Luke,Luke_Lloyd498@tonsy.org,4-865-204-5001,6/18/4045