Risk,Profession,Age,DDL,Name,Email,Phone,Birthday
3,2,0,-1,Mackenzie,Mackenzie_Alexander4780@acrit.org,7-166-062-8150,10/13/5917
0,2,3,-1,Erick,Erick_Owens7662@infotech44.tech,0-058-868-1510,9/14/0875
1,0,5,-1,Georgia,Georgia_Slater3677@hourpy.biz,2-078-254-6365,2/21/0708
2,7,0,-1,Priscilla,Priscilla_Miller9255@brety.org,2-646-302-2575,5/10/9534
2,2,5,-1,Harvey,Harvey_Shea7320@famism.biz,0-307-627-3006,11/19/4949
1,2,2,-1,Hanna,Hanna_Farmer4579@brety.org,7-046-248-2835,10/13/0670
3,2,6,-1,Ethan,Ethan_Morris7931@sheye.org,8-385-442-0728,2/15/6805
0,3,3,-1,Chester,Chester_Little3158@ovock.tech,6-023-154-3266,8/11/8261
0,4,1,-1,Gemma,Gemma_Eyres5521@hourpy.biz,1-266-005-6087,5/5/4947
3,4,2,-1,Ivette,Ivette_Lewis9561@typill.biz,6-854-053-7442,12/25/8668
0,7,5,-1,Peter,Peter_Vangness3144@nanoff.biz,6-880-443-7378,5/30/0152
2,0,0,-1,Mason,Mason_Powell3757@bungar.biz,1-184-533-4646,4/6/1455
0,3,3,-1,Hannah,Hannah_Judd7977@yahoo.com,2-203-254-7487,3/4/3188
2,3,2,-1,Nicholas,Nicholas_Buckley7198@gembat.biz,6-862-430-6381,3/21/2669
3,7,4,-1,Melinda,Melinda_Vallins5706@twace.org,0-443-076-6575,4/11/2840
3,0,6,-1,Courtney,Courtney_Bell6536@vetan.org,2-203-886-6341,4/1/9664
0,3,4,-1,Stacy,Stacy_Wilkinson1951@deavo.com,6-373-003-0771,5/12/7792
0,7,6,-1,Matt,Matt_Tobin2824@bretoux.com,3-323-302-2025,9/23/4857
0,1,0,-1,Peter,Peter_Beal7256@zorer.org,4-043-076-2140,7/9/6441
2,7,5,-1,Fred,Fred_Cox4170@deavo.com,1-517-227-3637,9/30/2490