Risk,Profession,Age,DDL,Name,Email,Phone,Birthday
0,0,4,-1,Harry,Harry_Bloom7692@gembat.biz,8-237-861-6635,10/20/2459
3,6,5,-1,Fiona,Fiona_Thomson6966@guentu.biz,8-406-200-8757,2/16/0954
3,6,6,-1,Bart,Bart_Ellison2550@nanoff.biz,5-356-258-0548,12/14/3620
1,5,3,-1,Britney,Britney_Isaac2828@zorer.org,6-333-727-4280,8/12/9767
2,5,3,-1,Kieth,Kieth_Kidd7123@twipet.com,4-213-080-2070,9/23/8676
2,3,0,-1,Leanne,Leanne_Hill2861@infotech44.tech,0-263-767-7608,7/15/5728
3,6,6,-1,Wade,Wade_Matthews33@yahoo.com,4-184-687-0812,1/16/7694
3,1,1,-1,Teagan,Teagan_Turner2601@sveldo.biz,8-676-456-2268,5/20/6382
1,7,4,-1,Laila,Laila_Graham773@eirey.tech,2-568-583-7875,2/13/9742
1,0,3,-1,Danny,Danny_Gordon5516@grannar.com,0-376-038-2653,7/2/9122
1,0,4,-1,Madison,Madison_Truscott5873@sveldo.biz,3-231-144-4018,3/11/2134
3,2,2,-1,Enoch,Enoch_Noon4241@nimogy.biz,3-125-157-8762,12/18/8447
0,7,6,-1,Manuel,Manuel_Todd2471@grannar.com,2-103-702-6767,1/15/9809
1,7,2,-1,Alma,Alma_Dixon5857@twace.org,2-147-667-8862,4/7/9457
1,4,0,-1,Chuck,Chuck_Corbett9249@atink.com,4-437-071-3581,11/25/7252
3,6,0,-1,Ryan,Ryan_Drew9042@infotech44.tech,7-587-731-1132,4/18/3025
2,7,2,-1,Barry,Barry_Janes2353@bungar.biz,5-820-035-1430,8/25/4476
3,0,3,-1,Cherish,Cherish_Stewart8124@ovock.tech,0-885-026-4301,4/8/9684
3,1,5,-1,Greta,Greta_Sanchez1553@liret.org,4-171-707-8030,2/28/1041
2,3,0,-1,Sage,Sage_Walsh1522@deavo.com,8-648-880-5761,6/6/9006