Risk,Profession,Age,DDL,Name,Email,Phone,Birthday
3,5,1,-1,Ballard,Parker_Ballard3406@twipet.com,4-467-222-7043,6/25/8412
2,0,4,-1,Connor,Amelia_Connor7626@nimogy.biz,2-060-353-6012,4/27/3570
1,7,4,-1,Mccall,Jayden_Mccall8990@womeona.net,6-057-575-8605,12/25/1949
0,5,5,-1,Silva,Vivian_Silva3162@yahoo.com,4-817-875-8112,10/26/3653
2,2,4,-1,Cox,Chadwick_Cox1199@atink.com,4-173-433-0653,11/4/6927
1,5,0,-1,Wilkinson,Leilani_Wilkinson3849@womeona.net,4-487-848-0782,5/11/7709
3,2,4,-1,Butler,Havana_Butler6556@brety.org,2-743-361-3737,11/13/0781
2,2,6,-1,Ogilvy,Quinn_Ogilvy9278@sveldo.biz,2-146-383-1725,2/25/1780
3,7,6,-1,Shields,Denny_Shields3593@acrit.org,1-478-582-8731,4/18/1498
0,5,2,-1,Jones,Emmanuelle_Jones2839@fuliss.net,4-775-226-7714,10/27/9480
3,5,2,-1,Thompson,Harry_Thompson8728@twipet.com,8-156-014-2173,11/3/7860
2,2,2,-1,Pickard,Moira_Pickard6850@mafthy.com,1-412-564-8856,5/18/1503
2,1,5,-1,Dann,Enoch_Dann6798@bretoux.com,8-771-272-7485,4/20/5881
0,3,6,-1,Jacobs,Bob_Jacobs7880@bauros.biz,3-527-235-3782,12/17/8044
1,6,4,-1,Cox,Wade_Cox7270@irrepsy.com,4-304-812-3816,2/1/6890
1,1,5,-1,Williams,Daniel_Williams5965@guentu.biz,7-711-703-1773,3/12/9334
2,6,5,-1,Morgan,Eduardo_Morgan4855@bungar.biz,2-531-354-4615,12/1/0652
2,4,5,-1,Howard,Goldie_Howard8890@ubusive.com,7-141-072-8328,4/26/2737
1,7,1,-1,Hobbs,Nathan_Hobbs7408@corti.com,2-780-168-5602,10/19/3208
3,5,5,-1,Mason,Mara_Mason2796@irrepsy.com,6-530-478-3387,12/31/2499