Risk,Profession,Age,DDL,Name,Email,Phone,Birthday
1,0,6,-1,Johnathan,Johnathan_Ballard9203@grannar.com,3-256-403-0056,11/21/4640
2,2,6,-1,Fred,Fred_Rogers4558@atink.com,1-381-436-5846,11/13/5602
1,4,0,-1,Thea,Thea_Brett5290@atink.com,4-123-857-7745,3/6/0875
3,1,3,-1,Ryan,Ryan_Exton1989@qater.org,4-381-311-0876,1/11/3213
2,6,5,-1,Gwen,Gwen_Snell5938@deons.tech,0-337-465-4838,11/24/5399
1,3,1,-1,George,George_Durrant5799@muall.tech,4-206-216-7670,11/23/0232
1,1,2,-1,Aisha,Aisha_Carpenter5558@ovock.tech,3-066-434-7762,8/11/2156
2,0,5,-1,Tiffany,Tiffany_Antcliff9179@infotech44.tech,8-073-782-3612,3/25/2217
1,2,1,-1,Rosalie,Rosalie_Mcgregor4503@elnee.tech,8-482-363-0177,5/12/4218
1,7,3,-1,Eden,Eden_Nurton4312@brety.org,5-353-188-4544,10/18/3958
3,1,0,-1,Maxwell,Maxwell_Mcgee7818@twace.org,2-251-787-7025,12/16/9217
3,2,5,-1,Mayleen,Mayleen_Marshall111@gmail.com,7-362-874-5530,2/3/9384
2,4,2,-1,Francesca,Francesca_Carter9527@typill.biz,3-868-163-7222,2/26/4352
2,7,1,-1,Stella,Stella_Simpson9177@dionrab.com,5-141-128-6488,9/11/0385
0,1,4,-1,Clint,Clint_Durrant5392@yahoo.com,5-003-727-4862,2/7/0240
1,4,6,-1,Catherine,Catherine_Waterson2288@deons.tech,4-256-174-3544,6/13/1282
0,3,0,-1,Jayden,Jayden_Ogilvy7971@deavo.com,5-678-223-6788,9/1/5414
0,7,3,-1,Kurt,Kurt_Yang6314@brety.org,5-612-787-8480,11/8/4610
0,6,1,-1,George,George_Jarvis5333@infotech44.tech,0-813-008-1103,5/2/5165
0,7,0,-1,Bart,Bart_Walton1027@mafthy.com,7-150-121-2111,10/11/9150