Risk,Profession,Age,DDL,Name,Email,Phone,Birthday
1,2,4,-1,Laila,Laila_Jacobs6688@muall.tech,3-035-315-8548,1/22/8554
1,1,3,-1,Carter,Carter_Shelton4966@qater.org,3-474-823-2303,2/27/4869
1,4,5,-1,Denis,Denis_Ellery8444@brety.org,8-568-466-3452,10/3/9556
0,5,3,-1,Rylee,Rylee_Locke6392@sheye.org,6-353-140-2505,12/30/3419
1,7,6,-1,Anais,Anais_Cameron6672@bretoux.com,6-581-675-1082,8/25/1100
2,0,2,-1,Aiden,Aiden_Fox6154@nimogy.biz,7-661-774-1626,12/29/5898
1,3,2,-1,Rhea,Rhea_Greenwood5987@guentu.biz,6-812-137-0812,5/14/9804
1,1,2,-1,Fred,Fred_Scott3556@bauros.biz,4-570-275-2173,8/31/8486
1,4,4,-1,Clint,Clint_Pearce5989@deons.tech,1-128-261-1547,10/18/6261
2,0,6,-1,William,William_Hopkinson5364@bretoux.com,2-831-082-8868,10/9/0680
2,1,1,-1,Summer,Summer_Redfern8755@brety.org,6-474-620-6585,4/7/3364
0,6,4,-1,Ema,Ema_Wise4641@qater.org,1-467-238-8053,4/15/4816
2,1,3,-1,Henry,Henry_Evans9614@mafthy.com,0-484-507-8002,11/21/1733
0,5,1,-1,Rick,Rick_Aldridge6703@elnee.tech,5-805-376-4416,6/11/7494
3,4,2,-1,Camellia,Camellia_Flack1785@kideod.biz,6-163-318-3748,6/13/7462
0,6,4,-1,Caleb,Caleb_Rose8357@gompie.com,3-281-258-4657,1/13/1839
0,2,6,-1,Ruby,Ruby_Cameron9946@womeona.net,8-176-468-0308,5/30/0863
2,3,0,-1,Denny,Denny_Gavin1438@qater.org,5-222-680-7241,3/6/0963
2,6,5,-1,Lorraine,Lorraine_Wright1097@jiman.org,1-630-451-5081,7/18/1843
3,1,5,-1,Chanelle,Chanelle_Webster3250@bretoux.com,4-054-404-4100,7/12/0266