ID,Risk_Status,Profession,Age,Reg_ID,Reg_Year,Reg_Date,Withdraw,Letter_DDL,Treatment_Type,Name,Email,Phone,Birthday
141,1,2,6,3,2021,143,0,-1,0,Chuck,Chuck_Alcroft3142@typill.biz,0-424-320-8811,10/23/1154
142,1,4,2,3,2021,143,0,-1,0,Enoch,Enoch_Nicholls7764@dionrab.com,6-657-536-0357,7/11/4087
143,2,1,6,3,2021,143,0,-1,0,Chadwick,Chadwick_Olson7813@kideod.biz,2-534-640-8616,9/6/6169
144,1,1,4,3,2021,143,0,-1,0,Emma,Emma_Morgan5614@typill.biz,2-614-236-1814,6/17/0001
145,2,7,4,3,2021,143,0,-1,0,Erick,Erick_Townend8335@ubusive.com,8-381-774-6041,2/24/9020
146,1,4,4,3,2021,143,0,-1,0,Amy,Amy_Dunbar4761@twace.org,7-728-810-5874,5/7/9351
147,2,6,6,3,2021,143,0,-1,0,Deborah,Deborah_Mcleod4761@twace.org,3-382-824-6772,3/27/0295
148,2,4,6,3,2021,143,0,-1,0,Tom,Tom_Sylvester7898@bungar.biz,2-580-380-4315,5/15/5401
149,1,6,0,3,2021,143,0,-1,0,Jayden,Jayden_Attwood5045@yahoo.com,8-884-481-6500,9/14/3639
150,2,6,4,3,2021,143,0,-1,0,Gabriel,Gabriel_Whittle8325@typill.biz,8-220-505-8080,5/4/4523
151,3,7,6,3,2021,143,0,-1,0,Danny,Danny_Thorpe2797@brety.org,4-104-500-5014,3/8/1437
152,1,0,1,3,2021,143,0,-1,0,Chris,Chris_Rowan9530@deons.tech,7-141-260-5045,3/30/4790
153,3,3,2,3,2021,143,0,-1,0,Gil,Gil_Hooper8023@zorer.org,7-465-072-5185,4/5/4048
154,0,7,0,3,2021,143,0,-1,0,Julianna,Julianna_Higgs4223@liret.org,6-250-410-8353,1/6/8686
155,1,0,2,3,2021,143,0,-1,0,Scarlett,Scarlett_Stubbs3828@famism.biz,0-061-663-1048,4/6/7605
156,3,5,6,3,2021,143,0,-1,0,Vera,Vera_Partridge3672@vetan.org,3-773-226-7740,6/24/5213
157,0,1,5,3,2021,143,0,-1,0,Eden,Eden_Moore9731@nanoff.biz,0-228-834-5516,2/16/8602
158,3,0,6,3,2021,143,0,-1,0,Charlize,Charlize_Williams5907@extex.org,3-273-570-5853,8/17/0361
159,3,3,6,3,2021,143,0,-1,0,Abbey,Abbey_Antcliff7812@nanoff.biz,2-064-820-4625,2/23/6498
160,0,1,6,3,2021,143,0,-1,0,Cameron,Cameron_Ulyatt8106@deons.tech,2-366-527-8461,11/17/5791
81,0,7,2,3,2021,142,0,-1,2,Hank,Hank_Baker646@bungar.biz,8-225-278-2754,10/15/8894
34,0,4,4,3,2021,2,0,-1,1,Mina,Mina_Myatt3570@sheye.org,1-462-853-5462,3/9/5830
11,2,4,6,3,2021,2,1,-1,1,Quinn,Quinn_Samuel2715@nanoff.biz,3-350-375-7454,8/25/1569
80,0,7,0,3,2021,141,0,3,1,Bart,Bart_Walton1027@mafthy.com,7-150-121-2111,10/11/9150
73,2,4,1,3,2021,141,0,-1,1,Francesca,Francesca_Carter9527@typill.biz,3-868-163-7222,2/26/4352
7,1,6,5,3,2021,0,0,-1,0,Daron,Daron_Shields5639@yahoo.com,4-722-308-2088,6/22/5210
29,1,1,0,3,2,140,0,1,0,Kimberly,Kimberly_Rees5888@bauros.biz,6-565-245-3427,3/12/7910
51,2,3,5,3,2021,141,0,-1,1,Chanelle,Chanelle_Fall6541@zorer.org,8-441-217-8704,8/1/1683
77,0,3,0,3,2021,141,0,-1,1,Jayden,Jayden_Ogilvy7971@deavo.com,5-678-223-6788,9/1/5414
56,2,0,4,3,2021,141,0,-1,0,Esmeralda,Esmeralda_Salt4008@ovock.tech,8-322-066-0420,7/21/8106
