ID,Risk_Status,Profession,Age,Reg_ID,Reg_Year,Reg_Date,Withdraw,Letter_DDL,Treatment_Type,Name,Email,Phone,Birthday
461,3,1,2,3,2021,151,0,-1,0,Price,Jayden_Price1779@nickia.com,4-346-574-3844,7/17/4869
462,3,3,4,3,2021,151,0,-1,0,Seymour,Kurt_Seymour5602@mafthy.com,6-383-257-3176,11/22/0486
463,0,3,2,3,2021,151,0,-1,0,Larsen,Naomi_Larsen5000@zorer.org,4-875-654-5778,7/2/1590
464,2,1,2,3,2021,151,0,-1,0,Everett,Oliver_Everett4895@brety.org,4-536-303-1817,10/29/2986
465,1,0,1,3,2021,151,0,-1,0,Redwood,Ema_Redwood2042@yahoo.com,2-060-205-8401,5/2/1114
466,1,6,1,3,2021,151,0,-1,0,Stevenson,Ema_Stevenson5307@womeona.net,4-711-345-5334,12/1/3819
467,1,7,5,3,2021,151,0,-1,0,Hewitt,Ruth_Hewitt3580@irrepsy.com,7-343-546-3424,5/12/4732
468,2,4,5,3,2021,151,0,-1,0,Dyson,Holly_Dyson4574@sveldo.biz,7-313-074-8362,10/13/9709
469,2,0,6,3,2021,151,0,-1,0,Broomfield,Jack_Broomfield8716@extex.org,3-714-741-0835,10/3/1488
470,3,4,0,3,2021,151,0,-1,0,Ventura,Benny_Ventura8837@acrit.org,4-711-832-3518,4/2/2054
471,2,2,6,3,2021,151,0,-1,0,Evans,Liam_Evans4998@eirey.tech,6-122-356-7870,4/22/9567
472,0,1,4,3,2021,151,0,-1,0,Drew,Cherish_Drew897@qater.org,4-168-516-5384,3/25/8139
473,1,1,1,3,2021,151,0,-1,0,Broomfield,Cecilia_Broomfield5304@gompie.com,2-353-237-5046,6/25/2286
474,0,3,4,3,2021,151,0,-1,0,Ebbs,Dorothy_Ebbs5186@famism.biz,1-562-820-3516,5/26/1588
475,0,7,5,3,2021,151,0,-1,0,Jones,Mike_Jones695@vetan.org,7-463-400-0752,10/5/6817
476,1,1,4,3,2021,151,0,-1,0,Carter,Cecilia_Carter2602@sheye.org,1-435-486-3413,2/21/4495
477,0,5,1,3,2021,151,0,-1,0,Chadwick,Chloe_Chadwick4300@cispeto.com,1-811-134-6182,6/17/0131
478,3,7,0,3,2021,151,0,-1,0,Allen,Alan_Allen942@typill.biz,3-064-726-4073,11/3/4888
479,2,5,1,3,2021,151,0,-1,0,Gibson,Josh_Gibson7959@cispeto.com,0-200-483-8837,10/14/1257
480,0,5,6,3,2021,151,0,-1,0,Redwood,Roger_Redwood3018@bretoux.com,6-874-833-4213,4/10/5637
126,2,3,0,3,2021,2,0,-1,2,Leanne,Leanne_Hill2861@infotech44.tech,0-263-767-7608,7/15/5728
119,3,4,5,3,2021,142,0,1,1,Kaylee,Kaylee_Amstead8605@ovock.tech,6-205-755-7658,3/9/8435
122,3,6,5,3,2021,0,0,-1,2,Fiona,Fiona_Thomson6966@guentu.biz,8-406-200-8757,2/16/0954
88,2,7,6,3,2021,0,0,-1,2,Stella,Stella_Davies8929@grannar.com,6-417-213-0626,4/19/7527
61,0,0,6,3,2021,1,0,-1,1,Johnathan,Johnathan_Ballard9203@grannar.com,3-256-403-0056,11/21/4640
